Warehouse,Item Code,Description,Item Type,Mster Uom,Pack Size,Brand,Latest Expiration Date,Inv. Total,Delivered Unbilled,On-Hand,On-Hand Committed,On-Hand Unallocated,On-Hand Available,Total Inv. Cost,Average Unit Cost,Weight Uom,Inv. Total.1,Delivered Unbilled.1,On-Hand.1,On-Hand Committed.1,On-Hand Unallocated.1,On-Hand Available.1,Total Inv. Cost.1,Average Unit Cost.1,Notes,Case_Weight,Category,WH_Code,SE_LandedLb,SE_CasePrice,NE_LandedLb,NE_CasePrice,TX_LandedLb,TX_CasePrice
A R T,79000,"FARM CUT FRIES, 3/8"" X 13/16"" S/O",6G,CS,6/5 LB,MCCRUM,  /  /         ,241.0,0.0,241.0,0.0,0.0,241.0,4401.12,18.2619,LB,7230.0,0.0,7230.0,0.0,0.0,7230.0,4401.12,0.6087,https://specff.psce.pw/7sf4gc,30.0,Other,A_R_T,1.5305349999999998,45.91604999999999,1.402425,42.07275,1.7563949999999997,52.69184999999999
A R T,00652A,FC BACON TOPPING,6D,CS,2/5 LB,BROOKFIELD,  /  /         ,3575.0,0.0,3575.0,0.0,286.0,3289.0,76057.41,21.2748,LB,35750.0,0.0,35750.0,0.0,2860.0,32890.0,76057.41,2.1275,https://specff.psce.pw/7slaym,10.0,Pork,A_R_T,3.2771549999999996,32.77155,3.1490449999999996,31.490449999999996,3.5030149999999995,35.03014999999999
A R T,02396,HAM STEAK HONEY BULK FRZ CW,6D,CS,12/1.5LB,BUTHERWAGON,  /  /         ,347.0,0.0,347.0,0.0,0.0,347.0,3520.43,0.0,LB,7169.92,0.0,7169.92,0.0,0.0,7169.92,3520.43,0.491,,18.0,Pork,A_R_T,1.3951799999999999,25.113239999999998,1.2670699999999997,22.807259999999996,1.6210399999999998,29.17872
A R T,02690,HAM STEAK TRADITIONAL BULK FRZ CW,6D,CS,12/1.5LB,CLEMENS,  /  /         ,96.0,0.0,96.0,0.0,0.0,96.0,992.58,0.0,LB,1936.74,0.0,1936.74,0.0,0.0,1936.74,992.58,0.5125,,18.0,Pork,A_R_T,1.4199049999999998,25.558289999999996,1.2917949999999998,23.252309999999998,1.6457649999999997,29.623769999999993
A R T,06232,TIRAMISU LAYER CAKE,6H,CS,2/174OZ TR,THE ORIGINAL CAKERIE,  /  /         ,318.0,0.0,318.0,0.0,112.0,206.0,2355.74,7.408,,0.0,0.0,0.0,0.0,0.0,0.0,0.0,0.0,https://specff.psee.io/82gutr,21.75,Other,A_R_T,,26.583227499999996,,23.796835,,31.495682499999997
A R T,1027612,5 LAYER LEMON CURD CAKE,6H,CS,2/6.88 LB,THE ORIGINAL CAKERIE,  /  /         ,126.0,0.0,126.0,0.0,0.0,126.0,1437.85,11.4115,,0.0,0.0,0.0,0.0,0.0,0.0,0.0,0.0,https://specff.psce.pw/7sf5ba,13.76,Other,A_R_T,,24.5513178,,22.788524199999998,,27.659151399999995
A R T,1172-12,TURKEY WHOLE 12/14 FRZ CW,6B,CS,4/1PC,TURKEY VALLEY FARMS,  /  /         ,163.0,0.0,163.0,0.0,0.0,163.0,16097.78,0.0,LB,8701.5,0.0,8701.5,0.0,0.0,8701.5,16097.78,1.85,https://specff.psce.pw/89vl2d,,Turkey,A_R_T,2.95803,,2.8299199999999995,,3.18389,
A R T,130005,RTC BRD CHICKEN TENDERS,6A,CS,2/5 LB,OK FOODS,  /  /         ,1429.0,0.0,1429.0,0.0,0.0,1429.0,19291.5,13.5,LB,14290.0,0.0,14290.0,0.0,0.0,14290.0,19291.5,1.35,https://specff.psee.io/85mj78,10.0,Chicken,A_R_T,2.3830299999999998,23.830299999999998,2.25492,22.5492,2.60889,26.088900000000002
A R T,13686,CHICKEN WHOLE WOGS BAGGED FRZ CW,9A,CS,10-12/HD,TYSON,  /  /         ,601.0,0.0,601.0,0.0,0.0,601.0,26392.73,0.0,LB,30284.45,0.0,30284.45,0.0,0.0,30284.45,26392.73,0.8715,https://specff.psce.pw/8by5ee,,Chicken,A_R_T,1.832755,,1.7046449999999997,,2.058615,
A R T,142812K,TURKEY WHOLE 10/14 FRZ CW,6B,CS,4/1PC,JENNIE-O,  /  /         ,65.0,0.0,65.0,0.0,0.0,65.0,6008.87,0.0,LB,3248.04,0.0,3248.04,0.0,0.0,3248.04,6008.87,1.85,https://specff.psce.pw/89vkzy,,Turkey,A_R_T,2.95803,,2.8299199999999995,,3.18389,
A R T,18766,ROAST BEEF DELI SLICED FRZ CW,6K,CS,10LB,DAN'S PRIZE,11/09/2025     ,97.0,0.0,97.0,0.0,0.0,97.0,2859.46,0.0,LB,970.0,0.0,970.0,0.0,0.0,970.0,2859.46,2.9479,https://specff.psce.pw/8by66q,10.0,Beef,A_R_T,4.220615,42.206149999999994,4.092505,40.92505,4.446475,44.46475
A R T,19228,FC DICED CANADIAN BACON,6D,CS,2/5 LB,BURKE,06/04/2025     ,124.0,0.0,124.0,0.0,0.0,124.0,1464.02,11.8066,LB,1240.0,0.0,1240.0,0.0,0.0,1240.0,1464.02,1.1807,https://specff.psce.pw/8j85sh,10.0,Pork,A_R_T,2.188335,21.88335,2.060225,20.602249999999998,2.414195,24.141949999999998
A R T,20239,IQF CHICKEN BREAST PIECES,6A,CS,8-5 LB,BRAKEBUSH,12/13/2025     ,715.0,0.0,715.0,0.0,0.0,715.0,40326.0,56.4,LB,28600.0,0.0,28600.0,0.0,0.0,28600.0,40326.0,1.41,https://specff.psce.pw/7ygm3s,,Chicken,A_R_T,2.4520299999999997,,2.3239199999999998,,2.6778899999999997,
A R T,20427,BEEF TOP ROUND C/O MED FRZ CW,6K,CS,2/8 LB,BLOCK AND BARREL,10/29/2025     ,4.0,0.0,4.0,0.0,0.0,4.0,143.54,35.885,LB,67.52,0.0,67.52,0.0,0.0,67.52,143.54,2.1259,https://specff.psce.pw/8j85qk,16.0,Beef,A_R_T,3.275315,52.40504,3.1472049999999996,50.35527999999999,3.501175,56.0188
A R T,22203,RTC BRD COCONUT CHICKEN TENDERS,6A,CS,4/2.5 LB,BELL & EVANS,12/16/2025     ,2151.0,0.0,2151.0,0.0,480.0,1671.0,22585.5,10.5,LB,21510.0,0.0,21510.0,0.0,4800.0,16710.0,22585.5,1.05,https://specff.psce.pw/8k4kuv,10.0,Chicken,A_R_T,2.03803,20.3803,1.9099199999999998,19.0992,2.2638899999999995,22.638899999999996
A R T,22377,RTC BRD CHICKEN DRUMS,6A,CS,2/5 LB,BELL & EVANS,  /  /         ,843.0,0.0,843.0,0.0,0.0,843.0,6406.8,7.6,LB,8430.0,0.0,8430.0,0.0,0.0,8430.0,6406.8,0.76,https://specff.psce.pw/8k4ldg,10.0,Chicken,A_R_T,1.7045299999999999,17.045299999999997,1.57642,15.764199999999999,1.9303899999999996,19.303899999999995
A R T,22655KF,TURKEY WHOLE 16/20 FRZ CW,9B,CS,2/PC,BUTTERBALL,  /  /         ,304.0,0.0,304.0,0.0,0.0,304.0,16593.37,0.0,LB,10705.4,0.0,10705.4,0.0,0.0,10705.4,16593.37,1.55,https://specff.psce.pw/8aacqk,,Turkey,A_R_T,2.6130299999999997,,2.48492,,2.8388899999999997,
A R T,2456,RTC BRD CHICKEN BREAST STRIP FRTR,6A,CS,6/5LB BAGS,SANDERSON,  /  /         ,1115.0,0.0,1115.0,0.0,0.0,1115.0,41702.0,37.4009,LB,33450.0,0.0,33450.0,0.0,0.0,33450.0,41702.0,1.2467,https://specff.psce.pw/8by5aj,30.0,Chicken,A_R_T,2.2642349999999998,67.92705,2.136125,64.08375,2.4900949999999997,74.70285
A R T,26077,PORK CHOP SEASONED E & P FRZ,9D,CS,10 LB,HORMEL,  /  /         ,1950.0,0.0,1950.0,0.0,0.0,1950.0,11217.18,5.7524,LB,19500.0,0.0,19500.0,0.0,0.0,19500.0,11217.18,0.5752,https://specff.psce.pw/8j85pc,10.0,Pork,A_R_T,1.49201,14.920100000000001,1.3639,13.639,1.7178699999999998,17.1787
A R T,29784,RTC CHICKEN TENDERS,6A,CS,20 LB,CHEF QUIK,  /  /         ,3166.0,0.0,3166.0,0.0,1197.0,1969.0,50773.26,16.037,LB,63320.0,0.0,63320.0,0.0,23940.0,39380.0,50773.26,0.8019,https://specff.psee.io/835r8p,20.0,Chicken,A_R_T,1.7527149999999996,35.05429999999999,1.6246049999999999,32.49209999999999,1.9785749999999998,39.57149999999999
A R T,305057,FRIES SHOE STRING 1/4 RTL 20Z FRZ,9G,CS,12/20 OZ,LYNDED FARMS,03/21/2026     ,2051.0,0.0,2051.0,0.0,108.0,1943.0,16051.74,7.8263,LB,30765.0,0.0,30765.0,0.0,1620.0,29145.0,16051.74,0.5218,https://specff.psce.pw/7sf9dh,15.0,Other,A_R_T,1.4305999999999999,21.459,1.30249,19.53735,1.6564599999999998,24.846899999999998
A R T,4210,TURKEY DRUMS SMOKED RTL FRZ CW,3B,CS,12/TRAY,STAHL MEYER,  /  /         ,323.0,0.0,323.0,0.0,20.0,303.0,5514.16,0.0,LB,8691.93,0.0,8691.93,0.0,520.0,8171.93,5514.16,0.6344,,,Turkey,A_R_T,1.5600899999999998,,1.43198,,1.7859499999999997,
A R T,4211,TURKEY DRUMS SLICED RTL FRZ SMK CW,3B,CS,12/TRAYS,STAHL MEYER,  /  /         ,491.0,0.0,491.0,0.0,20.0,471.0,8760.1,0.0,LB,13630.16,0.0,13630.16,0.0,500.0,13130.16,8760.1,0.6427,,,Turkey,A_R_T,1.569635,,1.441525,,1.795495,
A R T,4230,TURKEY WING SMOKED RTL FRZ CW,3B,CS,12/ TRAYS,STAHL MEYER,  /  /         ,360.0,0.0,360.0,0.0,40.0,320.0,6831.51,0.0,LB,10144.8,0.0,10144.8,0.0,960.0,9184.79999999999,6831.51,0.6734,,,Turkey,A_R_T,1.6049399999999998,,1.4768299999999999,,1.8308,
A R T,502001,TURKEY GROUND 93/7 RTL FRZ,3B,CS,12/1LB,JENNIE-O,10/20/2025     ,80.0,0.0,80.0,0.0,0.0,80.0,1147.05,14.3381,,0.0,0.0,0.0,0.0,0.0,0.0,0.0,0.0,https://specff.psce.pw/8dp5cw,12.0,Turkey,A_R_T,,26.455174999999997,,24.917855,,29.165494999999996
A R T,5028403,FC GRILLED CHICKEN STRIPS,6A,CS,4/5 LB,CARDINAL FOODS,  /  /         ,2324.0,0.0,2324.0,0.0,0.0,2324.0,73438.4,31.6,LB,46480.0,0.0,46480.0,0.0,0.0,46480.0,73438.4,1.58,https://specff.psce.pw/89pemb,20.0,Chicken,A_R_T,2.6475299999999997,52.950599999999994,2.51942,50.388400000000004,2.87339,57.467800000000004
A R T,52461,CHICKEN WOG TRAD DELI NAE,5A,CS,10Head/cs,TYSON,07/24/2025     ,1007.0,0.0,1007.0,0.0,0.0,1007.0,27065.29,0.0,LB,50011.06,0.0,50011.06,0.0,0.0,50011.06,27065.29,0.5412,https://specff.psce.pw/7xxlhb,,Chicken,A_R_T,1.4529099999999997,,1.3248,,1.6787699999999999,
A R T,52781,CHICKEN TOPPING ROASTED FC FRZ,9A,CS,2/5 LB,HORMEL,  /  /         ,1091.0,0.0,1091.0,0.0,0.0,1091.0,12881.11,11.8067,LB,10910.0,0.0,10910.0,0.0,0.0,10910.0,12881.11,1.1807,https://specff.psce.pw/8j85mk,10.0,Chicken,A_R_T,2.188335,21.88335,2.060225,20.602249999999998,2.414195,24.141949999999998
A R T,5296449,FC SHREDDED CHICKEN,6A,CS,40 LB,CTI,  /  /         ,433.0,0.0,433.0,0.0,0.0,433.0,29434.21,67.9774,LB,17320.0,0.0,17320.0,0.0,0.0,17320.0,29434.21,1.6994,https://specff.psce.pw/8fmyxq,40.0,Chicken,A_R_T,2.7848399999999995,111.39359999999998,2.65673,106.2692,3.0106999999999995,120.42799999999998
A R T,5453,"FC HALAL DICED DARK MEAT, BIRYANI",6A,CS,30 LB,PACKER,02/14/2026     ,450.0,0.0,450.0,0.0,0.0,450.0,8100.0,18.0,LB,13500.0,0.0,13500.0,0.0,0.0,13500.0,8100.0,0.6,https://specff.psce.pw/8b3jxs,30.0,Other,A_R_T,1.52053,45.615899999999996,1.3924199999999998,41.77259999999999,1.7463899999999999,52.3917
A R T,600062,TURKEY BURGERS 93/7 RTL FRZ,3B,CS,8/1LB,JENNIE-O,11/09/2025     ,198.0,0.0,198.0,0.0,0.0,198.0,1962.71,9.9127,,0.0,0.0,0.0,0.0,0.0,0.0,0.0,0.0,https://specff.psce.pw/8cxav3,8.0,Turkey,A_R_T,,18.043844999999997,,17.018964999999998,,19.850724999999997
A R T,61535,POLLOCK BATTERED 3LB RTL FRZ,3E,CS,10/3LB,FLEETWOOD,  /  /         ,1289.0,0.0,1289.0,0.0,0.0,1289.0,55915.66,43.3791,LB,38670.0,0.0,38670.0,0.0,0.0,38670.0,55915.66,1.446,https://specff.psce.pw/8cxbl6,30.0,Seafood,A_R_T,2.4934299999999996,74.8029,2.3653199999999996,70.9596,2.7192899999999995,81.57869999999998
A R T,63403,CHICKEN THIGH B GRADE BULK,9A,CS,40 LB BULK,CASE FARMS,  /  /         ,1000.0,0.0,1000.0,0.0,500.0,500.0,16050.0,16.05,LB,40000.0,0.0,40000.0,0.0,20000.0,20000.0,16050.0,0.4012,https://specff.psce.pw/7v5pg4,40.0,Chicken,A_R_T,1.29191,51.676399999999994,1.1638,46.552,1.5177699999999996,60.710799999999985
A R T,78101,RTC SPICY CHICKEN NUGGETS - RETAIL,3A,CS,2/5 LB,FLEETWOOD,  /  /         ,253.0,0.0,253.0,0.0,0.0,253.0,2965.74,11.7223,LB,2530.0,0.0,2530.0,0.0,0.0,2530.0,2965.74,1.1722,https://specff.psce.pw/7sl6nn,10.0,Chicken,A_R_T,2.1785599999999996,21.785599999999995,2.0504499999999997,20.504499999999997,2.4044199999999996,24.044199999999996
A R T,80490,IF ECONOMY WING SECTIONS,6A,CS,8-5 LB,FLEETWOOD,  /  /         ,497.0,0.0,497.0,0.0,0.0,497.0,22998.68,46.275,LB,19880.0,0.0,19880.0,0.0,0.0,19880.0,22998.68,1.1569,https://specff.psce.pw/7sl6qc,,Chicken,A_R_T,2.160965,,2.032855,,2.3868249999999995,
A R T,812,"UNCKD, ICED GLZD CHCKN WNG SCTN CW",3A,CS,16 BAGS,SMOKEY D,10/09/2026     ,1359.0,0.0,1359.0,0.0,0.0,1359.0,62182.23,45.7559,LB,54360.0,0.0,54360.0,0.0,0.0,54360.0,62182.23,1.1439,https://specff.psce.pw/88xq6w,,Other,A_R_T,2.146015,,2.017905,,2.3718749999999997,
A R T,8195,BACON LO AW FRZ,6D,CS,15 LB,HATFIELD,  /  /         ,273.0,0.0,273.0,0.0,0.0,273.0,9196.47,33.6867,LB,4095.0,0.0,4095.0,0.0,0.0,4095.0,9196.47,2.2458,https://specff.psce.pw/8j86ra,15.0,Pork,A_R_T,3.4132,51.19799999999999,3.28509,49.27635,3.6390599999999997,54.585899999999995
A R T,82730,BEEF BURGER PATTIE 75% 4Z HALAL FRZ,6C,CS,6/32/4OZ,AMERICAN FOODS GROUP,01/05/2026     ,125.0,0.0,125.0,0.0,0.0,125.0,12991.74,103.9339,LB,6000.0,0.0,6000.0,0.0,0.0,6000.0,12991.74,2.1653,https://specff.psce.pw/84xqrb,,Beef,A_R_T,3.3206249999999993,,3.1925149999999993,,3.5464849999999997,
A R T,82825,BEEF BURGER 75% 5.3OZ FRZ,6C,CS,45/5.3OZ,AMERICAN FOODS GROUP,  /  /         ,68.0,0.0,68.0,0.0,0.0,68.0,2201.57,32.376,LB,1020.0,0.0,1020.0,0.0,0.0,1020.0,2201.57,2.1584,https://mfspec.pse.is/86gt64,14.90625,Beef,A_R_T,3.3126899999999995,49.37978531249999,3.1845799999999995,47.470145624999994,3.53855,52.7465109375
A R T,846902,TURKEY DELI NC TEND BROWN FRZ,6K,CS,2/8 LB,JENNIE-O,01/10/2026     ,10.0,0.0,10.0,0.0,0.0,10.0,180.63,18.063,LB,152.0,0.0,152.0,0.0,0.0,152.0,180.63,1.1884,https://specff.psce.pw/8j8598,16.0,Turkey,A_R_T,2.1971899999999995,35.15503999999999,2.0690799999999996,33.10527999999999,2.4230499999999995,38.76879999999999
A R T,85080,BEEF STEAK UTL STRIP TNDRZ 8OZ FRZ,6C,CS,20/8OZ,CITY KITCHEN,  /  /         ,477.0,0.0,477.0,0.0,0.0,477.0,25284.48,53.0073,LB,4770.0,0.0,4770.0,0.0,0.0,4770.0,25284.48,5.3007,https://mfspec.psce.pw/87cn32,10.0,Beef,A_R_T,6.926334999999999,69.26334999999999,6.7982249999999995,67.98225,7.152194999999999,71.52194999999999
A R T,87427,FC BRD CHICKEN TENDERS,6A,CS,5/5 LB,KOCH,  /  /         ,1472.0,0.0,1472.0,0.0,0.0,1472.0,50659.03,34.4151,LB,36800.0,0.0,36800.0,0.0,0.0,36800.0,50659.03,1.3766,https://specff.psce.pw/8k4l54,25.0,Chicken,A_R_T,2.4136199999999994,60.340499999999984,2.28551,57.13775,2.63948,65.987
A R T,88401,FC GRILLED CHICKEN BREAST STRIPS,6A,CS,2/5 LB,KOCH,  /  /         ,3639.0,0.0,3639.0,0.0,572.0,3067.0,39299.02,10.7994,LB,36390.0,0.0,36390.0,0.0,5720.0,30670.0,39299.02,1.0799,https://specff.psce.pw/835hcw,10.0,Chicken,A_R_T,2.072415,20.724149999999998,1.944305,19.44305,2.298275,22.98275
A R T,93680,FC CHICKEN FRIES RETAIL,3A,CS,12-2 LB,ERIE,11/28/2026     ,206.0,0.0,206.0,0.0,0.0,206.0,8701.44,42.24,LB,4944.0,0.0,4944.0,0.0,0.0,4944.0,8701.44,1.76,https://specff.psce.pw/8grtwp,,Chicken,A_R_T,2.8545299999999996,,2.7264199999999996,,3.0803899999999995,
A R T,93681,FC FORMED POPCORN CHICKEN RETAIL,3A,CS,12-2 LB,ERIE,  /  /         ,240.0,0.0,240.0,0.0,0.0,240.0,10137.6,42.24,LB,5760.0,0.0,5760.0,0.0,0.0,5760.0,10137.6,1.76,https://specff.psce.pw/8k4l6d,,Chicken,A_R_T,2.8545299999999996,,2.7264199999999996,,3.0803899999999995,
A R T,93682,"FC CHICKEN PATTIES, 4 OZ",6A,CS,2/5 LB,ERIE,  /  /         ,419.0,0.0,419.0,0.0,0.0,419.0,6243.1,14.9,LB,4190.0,0.0,4190.0,0.0,0.0,4190.0,6243.1,1.49,https://specff.psee.io/83xewa,10.0,Chicken,A_R_T,2.54403,25.440299999999997,2.41592,24.1592,2.7698899999999997,27.6989
A R T,93683,FC CHICKEN NUGGETS RETAIL,3A,CS,12-2 LB,ERIE,  /  /         ,288.0,0.0,288.0,0.0,48.0,240.0,12165.12,42.24,LB,6912.0,0.0,6912.0,0.0,1152.0,5760.0,12165.12,1.76,https://specff.psce.pw/8grufy,,Chicken,A_R_T,2.8545299999999996,,2.7264199999999996,,3.0803899999999995,
A R T,93684,FC CHICKEN PATTIES RETAIL,3A,CS,12-2 LB,ERIE,  /  /         ,194.0,0.0,194.0,0.0,48.0,146.0,8194.56,42.24,LB,4656.0,0.0,4656.0,0.0,1152.0,3504.0,8194.56,1.76,https://specff.psce.pw/8k4mxm,,Chicken,A_R_T,2.8545299999999996,,2.7264199999999996,,3.0803899999999995,
A R T,93685,FC FORMED CHICKEN STRIPS RETAIL,3A,CS,12-2 LB,ERIE,  /  /         ,287.0,0.0,287.0,0.0,48.0,239.0,12163.69,42.3822,LB,6888.0,0.0,6888.0,0.0,1152.0,5736.0,12163.69,1.7659,https://specff.psce.pw/8k4ms5,,Chicken,A_R_T,2.861315,,2.733205,,3.087175,
A R T,9741,PORK SAUSAGE MILD RTL FRZ,3D,CS,12/1LB,GWALTNEY,  /  /         ,449.0,0.0,449.0,0.0,0.0,449.0,4496.15,10.0137,LB,5388.0,0.0,5388.0,0.0,0.0,5388.0,4496.15,0.8345,,12.0,Pork,A_R_T,1.7902049999999998,21.482459999999996,1.6620949999999999,19.94514,2.0160649999999998,24.19278
A R T,GB8726,FC ROASTED CHICKEN WING SECTIONS,6A,CS,2/5 LB,GOLDEN BIRD,  /  /         ,554.0,0.0,554.0,0.0,0.0,554.0,8522.9,15.3843,LB,5540.0,0.0,5540.0,0.0,0.0,5540.0,8522.9,1.5384,https://specff.psce.pw/835kpf,10.0,Chicken,A_R_T,2.59969,25.996899999999997,2.47158,24.715799999999998,2.82555,28.255499999999998
A R T,R0911,FC BRD BREAST STRIPS,6A,CS,2/5 LB,JESSIE JEWELL,  /  /         ,268.0,0.0,268.0,0.0,0.0,268.0,2918.2,10.8888,LB,2680.0,0.0,2680.0,0.0,0.0,2680.0,2918.2,1.0889,https://specff.psce.pw/7tmhny,10.0,Chicken,A_R_T,2.0827649999999998,20.82765,1.9546549999999998,19.546549999999996,2.3086249999999997,23.086249999999996
A R T,R4212,FC BREADED TENDERS,6A,CS,2/5LB,JESSIE JEWELL,  /  /         ,123.0,0.0,123.0,0.0,0.0,123.0,1348.36,10.9623,LB,1230.0,0.0,1230.0,0.0,0.0,1230.0,1348.36,1.0962,https://specff.psce.pw/7slk35,10.0,Chicken,A_R_T,2.09116,20.9116,1.96305,19.630499999999998,2.31702,23.170199999999998
A R T,R4501,FC BRD CHICKEN STRIPS,6A,CS,2/5 LB,JESSIE JEWELL,  /  /         ,202.0,0.0,202.0,0.0,0.0,202.0,2199.54,10.8888,LB,2020.0,0.0,2020.0,0.0,0.0,2020.0,2199.54,1.0889,https://specff.psce.pw/7tmltm,10.0,Chicken,A_R_T,2.0827649999999998,20.82765,1.9546549999999998,19.546549999999996,2.3086249999999997,23.086249999999996
A R T,R791895,FC ROASTED DRUMS,6A,CS,2/5 LB,JESSIE JEWELL,  /  /         ,337.0,0.0,337.0,0.0,0.0,337.0,3467.33,10.2888,LB,3370.0,0.0,3370.0,0.0,0.0,3370.0,3467.33,1.0289,https://specff.psce.pw/8k4la8,10.0,Beef,A_R_T,2.013765,20.137649999999997,1.8856549999999999,18.85655,2.2396249999999998,22.39625
A R T,R792441,FC BREADED WM STRIPS 32-48 GRAM,6A,CS,2/5LB,JESSIE JEWELL,  /  /         ,1322.0,0.0,1322.0,0.0,0.0,1322.0,14484.49,10.9565,LB,13220.0,0.0,13220.0,0.0,0.0,13220.0,14484.49,1.0956,https://specff.psce.pw/7ygma8,10.0,Other,A_R_T,2.09047,20.9047,1.9623599999999997,19.623599999999996,2.3163299999999993,23.163299999999992
GA COLD,07154,FLEETWOOD FARMS CHICKEN TENDERS,3A,CS,18/24OZ,FLEETWOOD FARMS,  /  /         ,256.0,0.0,256.0,48.0,0.0,208.0,14395.03,56.2306,,0.0,0.0,0.0,0.0,0.0,0.0,0.0,0.0,https://specff.psce.pw/7slf8m,27.0,Chicken,GA_COLD,,77.255965,,104.163895,,82.48478499999999
GA COLD,1214,RTC BRD CHICKEN TENDERS,6A,CS,10 LB,SPRING FARMS,  /  /         ,272.0,0.0,272.0,0.0,0.0,272.0,1647.91,6.0585,LB,2720.0,0.0,2720.0,0.0,0.0,2720.0,1647.91,0.6058,https://specff.psce.pw/7v5f5g,10.0,Chicken,GA_COLD,1.162995,11.629950000000001,2.159585,21.59585,1.356655,13.56655
GA COLD,1233,RTC CHICKEN TENDERS,6A,CS,10 LB,SPRING FARMS,  /  /         ,543.0,0.0,543.0,0.0,0.0,543.0,3299.66,6.0767,LB,5430.0,0.0,5430.0,0.0,0.0,5430.0,3299.66,0.6077,https://specff.psce.pw/7trnyr,10.0,Chicken,GA_COLD,1.16518,11.651800000000001,2.1617699999999997,21.6177,1.3588399999999998,13.588399999999998
GA COLD,1235,RTC CHICKEN TENDERS,6A,CS,10 LB,SPRING FARMS,  /  /         ,1224.0,0.0,1224.0,0.0,0.0,1224.0,7373.62,6.0242,LB,12240.0,0.0,12240.0,0.0,0.0,12240.0,7373.62,0.6024,https://specff.psce.pw/7slfc7,10.0,Chicken,GA_COLD,1.159085,11.59085,2.155675,21.55675,1.3527449999999999,13.527449999999998
GA COLD,1239,RTC CHICKEN TENDERS,6A,CS,10 LB,SPRING FARMS,  /  /         ,815.0,0.0,815.0,0.0,0.0,815.0,4937.68,6.0585,LB,8150.0,0.0,8150.0,0.0,0.0,8150.0,4937.68,0.6059,https://specff.psce.pw/7v5e8z,10.0,Chicken,GA_COLD,1.16311,11.6311,2.1597,21.597,1.3567699999999998,13.567699999999999
GA COLD,2265,RTC BRD CHICKEN TENDERS,6A,CS,10 LB,SPRING FARMS,  /  /         ,1087.0,0.0,1087.0,0.0,0.0,1087.0,6625.16,6.0949,LB,10870.0,0.0,10870.0,0.0,0.0,10870.0,6625.16,0.6095,https://specff.psce.pw/8aa374,10.0,Chicken,GA_COLD,1.1672500000000001,11.672500000000001,2.16384,21.6384,1.3609099999999998,13.609099999999998
GA COLD,2341,RTC BRD CHICKEN TENDERS,6A,CS,10 LB,SPRING FARMS,  /  /         ,2312.0,0.0,2312.0,0.0,0.0,2312.0,17395.95,7.5242,LB,23120.0,0.0,23120.0,0.0,0.0,23120.0,17395.95,0.7524,https://specff.psce.pw/7slfeg,10.0,Chicken,GA_COLD,1.3315849999999998,13.315849999999998,2.3281749999999994,23.281749999999995,1.5252449999999997,15.252449999999998
GA COLD,2433,RTC BRD CHICKEN BREAST STRIP FRITTE,6A,CS,10 LB,WAYNE FARMS,  /  /         ,504.0,0.0,504.0,0.0,0.0,504.0,3290.01,6.5278,LB,5040.0,0.0,5040.0,0.0,0.0,5040.0,3290.01,0.6528,https://specff.psce.pw/7v5huz,10.0,Chicken,GA_COLD,1.217045,12.170449999999999,2.213635,22.13635,1.410705,14.107050000000001
GA COLD,2631391,FC DICED CHICKEN CW,9A,TT,1000 LB TT,OSI,  /  /         ,32.0,0.0,32.0,0.0,0.0,32.0,40099.2,0.0,LB,32000.0,0.0,32000.0,0.0,0.0,32000.0,40099.2,1.2531,for packout,1000.0,Chicken,GA_COLD,1.90739,1907.3899999999999,2.90398,2903.9799999999996,2.10105,2101.0499999999997
GA COLD,5028403,FC GRILLED CHICKEN STRIPS,6A,CS,4/5 LB,CARDINAL FOODS,  /  /         ,1400.0,0.0,1400.0,0.0,0.0,1400.0,44240.0,31.6,LB,28000.0,0.0,28000.0,0.0,0.0,28000.0,44240.0,1.58,https://specff.psce.pw/89pemb,20.0,Chicken,GA_COLD,2.283325,45.6665,3.279915,65.5983,2.476985,49.539699999999996
GA COLD,5180,FC DICED WHITE CHICKEN,6A,CS,10 LB,FLEETWOOD,  /  /         ,1572.0,0.0,1572.0,0.0,0.0,1572.0,31572.75,20.0844,LB,15720.0,0.0,15720.0,0.0,0.0,15720.0,31572.75,2.0084,https://specff.psce.pw/835a3n,10.0,Chicken,GA_COLD,2.775985,27.75985,3.772575,37.72575,2.969645,29.69645
GA COLD,61181,TURKEY CRUMBLES FC TOTE FRZ CW,9B,TT,1000l LB,TYSON,  /  /         ,36.0,0.0,36.0,0.0,0.0,36.0,14392.8,0.0,LB,36000.0,0.0,36000.0,0.0,0.0,36000.0,14392.8,0.3998,,,Turkey,GA_COLD,0.926095,,1.9226849999999998,,1.1197549999999998,
GA COLD,63901,"FC GRILL CHICKEN FILLETS, #2",6A,CS,2/5 LB,TIP TOP,  /  /         ,130.0,0.0,130.0,0.0,0.0,130.0,2427.74,18.6749,LB,1300.0,0.0,1300.0,0.0,0.0,1300.0,2427.74,1.8675,https://specff.psce.pw/8k4mgj,10.0,Chicken,GA_COLD,2.61395,26.139499999999998,3.6105399999999994,36.105399999999996,2.8076099999999995,28.076099999999997
GA COLD,63988,"FC GRILL CHICKEN FILLETS, #2",6A,CS,2/5 LB,TIP TOP,  /  /         ,7.0,0.0,7.0,0.0,0.0,7.0,130.73,18.6757,LB,70.0,0.0,70.0,0.0,0.0,70.0,130.73,1.8676,https://specff.psce.pw/8grthd,10.0,Chicken,GA_COLD,2.6140649999999996,26.140649999999997,3.6106549999999995,36.10655,2.8077249999999996,28.077249999999996
GA COLD,63990,"FC GRILL CHICKEN FILLETS, #2",6A,CS,2/5 LB,TIP TOP,  /  /         ,24.0,0.0,24.0,0.0,0.0,24.0,448.2,18.675,LB,240.0,0.0,240.0,0.0,0.0,240.0,448.2,1.8675,https://specff.psce.pw/8k4lz4,10.0,Chicken,GA_COLD,2.61395,26.139499999999998,3.6105399999999994,36.105399999999996,2.8076099999999995,28.076099999999997
GA COLD,90184T,"FC GRILL CHICKEN FILLETS, #2",6A,CS,2/5 LB,TIP TOP,  /  /         ,285.0,0.0,285.0,0.0,0.0,285.0,5278.94,18.5226,LB,2850.0,0.0,2850.0,0.0,0.0,2850.0,5278.94,1.8523,https://specff.psce.pw/8k4l26,10.0,Chicken,GA_COLD,2.5964699999999996,25.964699999999997,3.59306,35.9306,2.79013,27.9013
GA COLD,9615,RTC BATTERED CHICKEN NUGGETS RTL,3A,CS,2/5 LB,FLEETWOOD,  /  /         ,712.0,0.0,712.0,0.0,0.0,712.0,11311.62,15.8871,LB,7120.0,0.0,7120.0,0.0,0.0,7120.0,11311.62,1.5887,https://specff.psce.pw/7sla8e,10.0,Chicken,GA_COLD,2.2933299999999996,22.933299999999996,3.28992,32.8992,2.4869899999999996,24.869899999999994
GA COLD,R111355,FC BREADED SPICY BNLS CHUNK 15-40 G,6A,CS,2/5LB,JESSIE JEWELL,  /  /         ,497.0,0.0,497.0,0.0,0.0,497.0,4115.68,8.281,LB,4970.0,0.0,4970.0,0.0,0.0,4970.0,4115.68,0.8281,https://specff.psce.pw/7slgq9,10.0,Other,GA_COLD,1.41864,14.186399999999999,2.4152299999999998,24.152299999999997,1.6122999999999998,16.122999999999998
GA COLD,R4212,FC BREADED TENDERS,6A,CS,2/5LB,JESSIE JEWELL,  /  /         ,174.0,0.0,174.0,0.0,103.0,71.0,1746.68,10.0384,LB,1740.0,0.0,1740.0,0.0,1030.0,710.0,1746.68,1.0038,https://specff.psce.pw/7slk35,10.0,Chicken,GA_COLD,1.6206949999999998,16.20695,2.617285,26.172849999999997,1.814355,18.143549999999998
GA COLD,R4502,FC BREADED WM SPICY BREAST STRIPS,6A,CS,2/5LB,JESSIE JEWELL,  /  /         ,195.0,0.0,195.0,0.0,0.0,195.0,1680.16,8.6162,LB,1950.0,0.0,1950.0,0.0,0.0,1950.0,1680.16,0.8616,https://specff.psce.pw/7slk9m,10.0,Chicken,GA_COLD,1.457165,14.57165,2.453755,24.537550000000003,1.6508249999999998,16.508249999999997
GA COLD,R672970,FC BREADED BRST STRIPS 30-60 GRAM,6A,CS,2/5LB,JESSIE JEWELL,  /  /         ,162.0,0.0,162.0,0.0,0.0,162.0,2043.87,12.6165,LB,1620.0,0.0,1620.0,0.0,0.0,1620.0,2043.87,1.2616,https://specff.psee.io/83xkdp,10.0,Other,GA_COLD,1.9171649999999998,19.17165,2.9137549999999997,29.137549999999997,2.110825,21.10825
GA COLD,R7025,FC BREADED BUFFALO CHUNK,6A,CS,2/5LB,JESSIE JEWELL,  /  /         ,52.0,0.0,52.0,0.0,0.0,52.0,478.78,9.2073,LB,520.0,0.0,520.0,0.0,0.0,520.0,478.78,0.9207,https://specff.psce.pw/7tmhty,10.0,Other,GA_COLD,1.5251299999999999,15.251299999999999,2.5217199999999997,25.2172,1.7187899999999998,17.1879
GA COLD,R7027,FC BREADED CHEEZY HOTZ CHUNK FRITTR,6A,CS,2/5LB,JESSIE JEWELL,  /  /         ,49.0,0.0,49.0,0.0,0.0,49.0,360.52,7.3576,LB,490.0,0.0,490.0,0.0,0.0,490.0,360.52,0.7358,https://specff.psce.pw/7slkuk,10.0,Other,GA_COLD,1.312495,13.12495,2.309085,23.09085,1.5061549999999997,15.061549999999997
GA COLD,R792402,FC BREADED SPICY BONELESS CHUNK,6A,CS,2/5LB,JESSIE JEWELL,  /  /         ,64.0,0.0,64.0,0.0,0.0,64.0,470.89,7.3577,LB,640.0,0.0,640.0,0.0,0.0,640.0,470.89,0.7358,https://specff.psce.pw/7sqaz9,10.0,Other,GA_COLD,1.312495,13.12495,2.309085,23.09085,1.5061549999999997,15.061549999999997
GA COLD,R792451,FC BREADED SPICY WM STRIPS,6A,CS,2/5LB,JESSIE JEWELL,  /  /         ,285.0,0.0,285.0,0.0,0.0,285.0,2860.97,10.0385,LB,2850.0,0.0,2850.0,0.0,0.0,2850.0,2860.97,1.0038,https://specff.psce.pw/7sqb8m,10.0,Other,GA_COLD,1.6206949999999998,16.20695,2.617285,26.172849999999997,1.814355,18.143549999999998
